date,value
2021-01-01,0.15115298330783844
2021-01-02,0.15122675895690918
2021-01-03,0.15135391056537628
2021-01-04,0.15352293848991394
2021-01-05,0.15329204499721527
2021-01-06,0.15633197128772736
2021-01-07,0.15565192699432373
2021-01-08,0.15483684837818146
2021-01-09,0.17139656841754913
2021-01-10,0.22908282279968262
2021-01-11,0.26194557547569275
2021-01-12,0.2861178517341614
2021-01-13,0.28344565629959106
2021-01-14,0.28285810351371765
2021-01-15,0.28012987971305847
2021-01-16,0.2762407660484314
2021-01-17,0.27363675832748413
2021-01-18,0.2714133560657501
2021-01-19,0.274796724319458
2021-01-20,0.3005196750164032
2021-01-21,0.2987464964389801
2021-01-22,0.3014872372150421
2021-01-23,0.309372216463089
2021-01-24,0.31365111470222473
2021-01-25,0.3160680830478668
2021-01-26,0.30815955996513367
2021-01-27,0.30149656534194946
2021-01-28,0.29635658860206604
2021-01-29,0.29214292764663696
2021-01-30,0.2888156473636627
2021-01-31,0.28615090250968933
2021-02-01,0.28439977765083313
2021-02-02,0.28255894780158997
2021-02-03,0.2931269407272339
2021-02-04,0.2906046509742737
2021-02-05,0.2773756682872772
2021-02-06,0.26055097579956055
2021-02-07,0.2537420690059662
2021-02-08,0.25400659441947937
2021-02-09,0.25354719161987305
2021-02-10,0.26121631264686584
2021-02-11,0.2896823585033417
2021-02-12,0.3222495913505554
2021-02-13,0.32295653223991394
2021-02-14,0.3191056549549103
2021-02-15,0.32713302969932556
2021-02-16,0.33645114302635193
2021-02-17,0.3354884684085846
2021-02-18,0.43426141142845154
2021-02-19,0.46822527050971985
2021-02-20,0.468131422996521
2021-02-21,0.46469250321388245
2021-02-22,0.4635653495788574
2021-02-23,0.5418050289154053
2021-02-24,0.561715304851532
2021-02-25,0.5577799081802368
2021-02-26,0.5532719492912292
2021-02-27,0.5605236887931824
2021-02-28,0.5906292796134949
2021-03-01,0.5880795121192932
2021-03-02,0.574397623538971
2021-03-03,0.5715407133102417
2021-03-04,0.5673351883888245
2021-03-05,0.5493816137313843
2021-03-06,0.5305234789848328
2021-03-07,0.5499569773674011
2021-03-08,0.552680492401123
2021-03-09,0.5409154295921326
2021-03-10,0.5396977663040161
2021-03-11,0.5369037985801697
2021-03-12,0.5358560085296631
2021-03-13,0.5312975645065308
2021-03-14,0.5264313817024231
2021-03-15,0.5212215781211853
2021-03-16,0.5147413611412048
2021-03-17,0.5066861510276794
2021-03-18,0.4980805814266205
2021-03-19,0.4969676434993744
2021-03-20,0.4908944368362427
2021-03-21,0.4714624881744385
2021-03-22,0.46252092719078064
2021-03-23,0.45656466484069824
2021-03-24,0.44912126660346985
2021-03-25,0.43811407685279846
2021-03-26,0.4270516633987427
2021-03-27,0.4220673739910126
2021-03-28,0.41557788848876953
2021-03-29,0.40440335869789124
2021-03-30,0.3951876163482666
2021-03-31,0.3892745077610016
2021-04-01,0.37727856636047363
2021-04-02,0.3515642583370209
2021-04-03,0.324198454618454
2021-04-04,0.2843427360057831
2021-04-05,0.24212779104709625
2021-04-06,0.21802560985088348
2021-04-07,0.18334682285785675
2021-04-08,0.13925102353096008
2021-04-09,0.10107580572366714
2021-04-10,0.06581132113933563
2021-04-11,0.040962256491184235
2021-04-12,0.02384156733751297
2021-04-13,0.01159145962446928
2021-04-14,0.005705638322979212
2021-04-15,0.0029988547321408987
2021-04-16,0.0013542958768084645
2021-04-17,0.0004994425107724965
2021-04-18,0.0002209420781582594
2021-04-19,0.00012219324707984924
2021-04-20,4.073108357260935e-05
2021-04-21,-7.3453647229951e-24
2021-04-22,-7.3453647229951e-24
2021-04-23,-7.3453647229951e-24
2021-04-24,-7.3453647229951e-24
2021-04-25,-7.3453647229951e-24
2021-04-26,-7.3453647229951e-24
2021-04-27,-7.3453647229951e-24
2021-04-28,-7.3453647229951e-24
2021-04-29,-7.3453647229951e-24
2021-04-30,-7.3453647229951e-24
2021-05-01,-7.3453647229951e-24
2021-05-02,-7.3453647229951e-24
2021-05-03,-7.3453647229951e-24
2021-05-04,-7.3453647229951e-24
2021-05-05,-7.3453647229951e-24
2021-05-06,-7.3453647229951e-24
2021-05-07,-7.3453647229951e-24
2021-05-08,-7.3453647229951e-24
2021-05-09,-7.3453647229951e-24
2021-05-10,-7.3453647229951e-24
2021-05-11,-7.3453647229951e-24
2021-05-12,-7.3453647229951e-24
2021-05-13,-7.3453647229951e-24
2021-05-14,-7.3453647229951e-24
2021-05-15,-7.3453647229951e-24
2021-05-16,-7.3453647229951e-24
2021-05-17,-7.3453647229951e-24
2021-05-18,-7.3453647229951e-24
2021-05-19,-7.3453647229951e-24
2021-05-20,-7.3453647229951e-24
2021-05-21,-7.3453647229951e-24
2021-05-22,-7.3453647229951e-24
2021-05-23,-7.3453647229951e-24
2021-05-24,-7.3453647229951e-24
2021-05-25,-7.3453647229951e-24
2021-05-26,-7.3453647229951e-24
2021-05-27,-7.3453647229951e-24
2021-05-28,-7.3453647229951e-24
2021-05-29,-7.3453647229951e-24
2021-05-30,-7.3453647229951e-24
2021-05-31,-7.3453647229951e-24
2021-06-01,-7.3453647229951e-24
2021-06-02,-7.3453647229951e-24
2021-06-03,-7.3453647229951e-24
2021-06-04,-7.3453647229951e-24
2021-06-05,-7.3453647229951e-24
2021-06-06,-7.3453647229951e-24
2021-06-07,-7.3453647229951e-24
2021-06-08,-7.3453647229951e-24
2021-06-09,-7.3453647229951e-24
2021-06-10,-7.3453647229951e-24
2021-06-11,-7.3453647229951e-24
2021-06-12,-7.3453647229951e-24
2021-06-13,-7.3453647229951e-24
2021-06-14,-7.3453647229951e-24
2021-06-15,-7.3453647229951e-24
2021-06-16,-7.3453647229951e-24
2021-06-17,-7.3453647229951e-24
2021-06-18,-7.3453647229951e-24
2021-06-19,-7.3453647229951e-24
2021-06-20,-7.3453647229951e-24
2021-06-21,-7.3453647229951e-24
2021-06-22,-7.3453647229951e-24
2021-06-23,-7.3453647229951e-24
2021-06-24,-7.3453647229951e-24
2021-06-25,-7.3453647229951e-24
2021-06-26,-7.3453647229951e-24
2021-06-27,-7.3453647229951e-24
2021-06-28,-7.3453647229951e-24
2021-06-29,-7.3453647229951e-24
2021-06-30,-7.3453647229951e-24
2021-07-01,-7.3453647229951e-24
2021-07-02,-7.3453647229951e-24
2021-07-03,-7.3453647229951e-24
2021-07-04,-7.3453647229951e-24
2021-07-05,-7.3453647229951e-24
2021-07-06,-7.3453647229951e-24
2021-07-07,-7.3453647229951e-24
2021-07-08,-7.3453647229951e-24
2021-07-09,-7.3453647229951e-24
2021-07-10,-7.3453647229951e-24
2021-07-11,-7.3453647229951e-24
2021-07-12,-7.3453647229951e-24
2021-07-13,-7.3453647229951e-24
2021-07-14,-7.3453647229951e-24
2021-07-15,-7.3453647229951e-24
2021-07-16,-7.3453647229951e-24
2021-07-17,-7.3453647229951e-24
2021-07-18,-7.3453647229951e-24
2021-07-19,-7.3453647229951e-24
2021-07-20,-7.3453647229951e-24
2021-07-21,-7.3453647229951e-24
2021-07-22,-7.3453647229951e-24
2021-07-23,-7.3453647229951e-24
2021-07-24,-7.3453647229951e-24
2021-07-25,-7.3453647229951e-24
2021-07-26,-7.3453647229951e-24
2021-07-27,-7.3453647229951e-24
2021-07-28,-7.3453647229951e-24
2021-07-29,-7.3453647229951e-24
2021-07-30,-7.3453647229951e-24
2021-07-31,-7.3453647229951e-24
2021-08-01,-7.3453647229951e-24
2021-08-02,-7.3453647229951e-24
2021-08-03,-7.3453647229951e-24
2021-08-04,-7.3453647229951e-24
2021-08-05,-7.3453647229951e-24
2021-08-06,-7.3453647229951e-24
2021-08-07,-7.3453647229951e-24
2021-08-08,-7.3453647229951e-24
2021-08-09,-7.3453647229951e-24
2021-08-10,-7.3453647229951e-24
2021-08-11,-7.3453647229951e-24
2021-08-12,-7.3453647229951e-24
2021-08-13,-7.3453647229951e-24
2021-08-14,-7.3453647229951e-24
2021-08-15,-7.3453647229951e-24
2021-08-16,-7.3453647229951e-24
2021-08-17,-7.3453647229951e-24
2021-08-18,-7.3453647229951e-24
2021-08-19,-7.3453647229951e-24
2021-08-20,-7.3453647229951e-24
2021-08-21,-7.3453647229951e-24
2021-08-22,-7.3453647229951e-24
2021-08-23,-7.3453647229951e-24
2021-08-24,-7.3453647229951e-24
2021-08-25,-7.3453647229951e-24
2021-08-26,-7.3453647229951e-24
2021-08-27,-7.3453647229951e-24
2021-08-28,-7.3453647229951e-24
2021-08-29,-7.3453647229951e-24
2021-08-30,-7.3453647229951e-24
2021-08-31,-7.3453647229951e-24
2021-09-01,-7.3453647229951e-24
2021-09-02,-7.3453647229951e-24
2021-09-03,-7.3453647229951e-24
2021-09-04,-7.3453647229951e-24
2021-09-05,-7.3453647229951e-24
2021-09-06,-7.3453647229951e-24
2021-09-07,-7.3453647229951e-24
2021-09-08,-7.3453647229951e-24
2021-09-09,-7.3453647229951e-24
2021-09-10,-7.3453647229951e-24
2021-09-11,-7.3453647229951e-24
2021-09-12,-7.3453647229951e-24
2021-09-13,-7.3453647229951e-24
2021-09-14,-7.3453647229951e-24
2021-09-15,-7.3453647229951e-24
2021-09-16,-7.3453647229951e-24
2021-09-17,-7.3453647229951e-24
2021-09-18,-7.3453647229951e-24
2021-09-19,-7.3453647229951e-24
2021-09-20,-7.3453647229951e-24
2021-09-21,-7.3453647229951e-24
2021-09-22,-7.3453647229951e-24
2021-09-23,-7.3453647229951e-24
2021-09-24,-7.3453647229951e-24
2021-09-25,-7.3453647229951e-24
2021-09-26,-7.3453647229951e-24
2021-09-27,0.00913622509688139
2021-09-28,0.010994278825819492
2021-09-29,0.004350963514298201
2021-09-30,0.0022730447817593813
2021-10-01,0.0013999204384163022
2021-10-02,0.0007639165851287544
2021-10-03,0.00034149165730923414
2021-10-04,0.0010926256654784083
2021-10-05,0.00157244224101305
2021-10-06,0.0012146729277446866
2021-10-07,0.0008085007430054247
2021-10-08,0.000366923282854259
2021-10-09,6.126007065176964e-05
2021-10-10,-7.3453647229951e-24
2021-10-11,-7.3453647229951e-24
2021-10-12,-7.3453647229951e-24
2021-10-13,-7.3453647229951e-24
2021-10-14,-7.3453647229951e-24
2021-10-15,-7.3453647229951e-24
2021-10-16,-7.3453647229951e-24
2021-10-17,-7.3453647229951e-24
2021-10-18,-7.3453647229951e-24
2021-10-19,-7.3453647229951e-24
2021-10-20,1.52587890625e-05
2021-10-21,0.005976121407002211
2021-10-22,0.011553391814231873
2021-10-23,0.002188255777582526
2021-10-24,0.0002470612816978246
2021-10-25,-7.3453647229951e-24
2021-10-26,-7.3453647229951e-24
2021-10-27,-7.3453647229951e-24
2021-10-28,-7.3453647229951e-24
2021-10-29,-7.3453647229951e-24
2021-10-30,-7.3453647229951e-24
2021-10-31,-7.3453647229951e-24
2021-11-01,-7.3453647229951e-24
2021-11-02,0.002327448222786188
2021-11-03,0.0029067944269627333
2021-11-04,0.002867804141715169
2021-11-05,0.002599370665848255
2021-11-06,0.002250444842502475
2021-11-07,0.0018817259697243571
2021-11-08,0.0015429755439981818
2021-11-09,0.0032998062670230865
2021-11-10,0.0043154191225767136
2021-11-11,0.013118204660713673
2021-11-12,0.018845433369278908
2021-11-13,0.034746769815683365
2021-11-14,0.05734846368432045
2021-11-15,0.06483317911624908
2021-11-16,0.06460171937942505
2021-11-17,0.06600441783666611
2021-11-18,0.06722316890954971
2021-11-19,0.06708674877882004
2021-11-20,0.0660574659705162
2021-11-21,0.0723518654704094
2021-11-22,0.08853626251220703
2021-11-23,0.09330401569604874
2021-11-24,0.09241282939910889
2021-11-25,0.09236279875040054
2021-11-26,0.09322017431259155
2021-11-27,0.09161851555109024
2021-11-28,0.09025094658136368
2021-11-29,0.08918040245771408
2021-11-30,0.08844918757677078
2021-12-01,0.08353007584810257
2021-12-02,0.07532621175050735
2021-12-03,0.07295935600996017
2021-12-04,0.07037658989429474
2021-12-05,0.06889314204454422
2021-12-06,0.07790214568376541
2021-12-07,0.07913272827863693
2021-12-08,0.07884417474269867
2021-12-09,0.07806628197431564
2021-12-10,0.07678818702697754
2021-12-11,0.07573089003562927
2021-12-12,0.07494304329156876
2021-12-13,0.0748717188835144
2021-12-14,0.07454710453748703
2021-12-15,0.07112351804971695
2021-12-16,0.06934872269630432
2021-12-17,0.06904114037752151
2021-12-18,0.07230645418167114
2021-12-19,0.09981795400381088
2021-12-20,0.09772622585296631
2021-12-21,0.09854850172996521
2021-12-22,0.1357525885105133
2021-12-23,0.14905507862567902
2021-12-24,0.15127669274806976
2021-12-25,0.15109319984912872
2021-12-26,0.15120236575603485
2021-12-27,0.1797693818807602
2021-12-28,0.1870109885931015
2021-12-29,0.18666766583919525
2021-12-30,0.18614836037158966
2021-12-31,0.18509675562381744
2022-01-01,0.18420153856277466
2022-01-02,0.1855865865945816
2022-01-03,0.2028316706418991
2022-01-04,0.21392525732517242
2022-01-05,0.22139520943164825
2022-01-06,0.23332734405994415
2022-01-07,0.2387961745262146
2022-01-08,0.19222815334796906
2022-01-09,0.1887086182832718
2022-01-10,0.18796534836292267
2022-01-11,0.18869821727275848
2022-01-12,0.20413179695606232
2022-01-13,0.2072155922651291
2022-01-14,0.21336297690868378
2022-01-15,0.24299634993076324
2022-01-16,0.26547500491142273
2022-01-17,0.2720617949962616
2022-01-18,0.26961377263069153
2022-01-19,0.26717379689216614
2022-01-20,0.2652803361415863
2022-01-21,0.2648569941520691
2022-01-22,0.26566562056541443
2022-01-23,0.26564446091651917
2022-01-24,0.26622024178504944
2022-01-25,0.2645563781261444
2022-01-26,0.26338472962379456
2022-01-27,0.2656998634338379
2022-01-28,0.2681175768375397
2022-01-29,0.2654450535774231
2022-01-30,0.2636551558971405
2022-01-31,0.26312437653541565
2022-02-01,0.2600528597831726
2022-02-02,0.2598439157009125
2022-02-03,0.2602227032184601
2022-02-04,0.25593793392181396
2022-02-05,0.2517848312854767
2022-02-06,0.2485208660364151
2022-02-07,0.2610178589820862
2022-02-08,0.2740384042263031
2022-02-09,0.3033103346824646
2022-02-10,0.30731379985809326
2022-02-11,0.34301725029945374
2022-02-12,0.4036468267440796
2022-02-13,0.4149491786956787
2022-02-14,0.4230720102787018
2022-02-15,0.4179105758666992
2022-02-16,0.4117598235607147
2022-02-17,0.4031565189361572
2022-02-18,0.39504995942115784
2022-02-19,0.38922134041786194
2022-02-20,0.38569626212120056
2022-02-21,0.3839181661605835
2022-02-22,0.3750592768192291
2022-02-23,0.36765924096107483
2022-02-24,0.3559251129627228
2022-02-25,0.34376218914985657
2022-02-26,0.33771923184394836
2022-02-27,0.33427396416664124
2022-02-28,0.33099278807640076
2022-03-01,0.32684093713760376
2022-03-02,0.32298538088798523
2022-03-03,0.31988421082496643
2022-03-04,0.3166128695011139
2022-03-05,0.32841694355010986
2022-03-06,0.33831682801246643
2022-03-07,0.3332838714122772
2022-03-08,0.33122900128364563
2022-03-09,0.3298609256744385
2022-03-10,0.32840439677238464
2022-03-11,0.3277128040790558
2022-03-12,0.3288012444972992
2022-03-13,0.32664546370506287
2022-03-14,0.3260469138622284
2022-03-15,0.3274042010307312
2022-03-16,0.3256896138191223
2022-03-17,0.3231988251209259
2022-03-18,0.3215051293373108
2022-03-19,0.3199056386947632
2022-03-20,0.3169192969799042
2022-03-21,0.3169350028038025
2022-03-22,0.32088157534599304
2022-03-23,0.31200817227363586
2022-03-24,0.29252269864082336
2022-03-25,0.27295079827308655
2022-03-26,0.26202696561813354
2022-03-27,0.25731703639030457
2022-03-28,0.2422417402267456
2022-03-29,0.2367902249097824
2022-03-30,0.2143833041191101
2022-03-31,0.17121046781539917
2022-04-01,0.1184690073132515
2022-04-02,0.06216765567660332
2022-04-03,0.02716001681983471
2022-04-04,0.009674890898168087
2022-04-05,0.0038181403651833534
2022-04-06,0.002195650478824973
2022-04-07,0.001405577757395804
2022-04-08,0.0006695007905364037
2022-04-09,0.0004223066789563745
2022-04-10,0.00020566792227327824
2022-04-11,-7.3453647229951e-24
2022-04-12,-7.3453647229951e-24
2022-04-13,-7.3453647229951e-24
2022-04-14,-7.3453647229951e-24
2022-04-15,-7.3453647229951e-24
2022-04-16,-7.3453647229951e-24
2022-04-17,-7.3453647229951e-24
2022-04-18,-7.3453647229951e-24
2022-04-19,-7.3453647229951e-24
2022-04-20,-7.3453647229951e-24
2022-04-21,-7.3453647229951e-24
2022-04-22,-7.3453647229951e-24
2022-04-23,-7.3453647229951e-24
2022-04-24,-7.3453647229951e-24
2022-04-25,-7.3453647229951e-24
2022-04-26,-7.3453647229951e-24
2022-04-27,-7.3453647229951e-24
2022-04-28,-7.3453647229951e-24
2022-04-29,-7.3453647229951e-24
2022-04-30,-7.3453647229951e-24
2022-05-01,-7.3453647229951e-24
2022-05-02,-7.3453647229951e-24
2022-05-03,-7.3453647229951e-24
2022-05-04,-7.3453647229951e-24
2022-05-05,-7.3453647229951e-24
2022-05-06,-7.3453647229951e-24
2022-05-07,-7.3453647229951e-24
2022-05-08,-7.3453647229951e-24
2022-05-09,-7.3453647229951e-24
2022-05-10,-7.3453647229951e-24
2022-05-11,-7.3453647229951e-24
2022-05-12,-7.3453647229951e-24
2022-05-13,-7.3453647229951e-24
2022-05-14,-7.3453647229951e-24
2022-05-15,-7.3453647229951e-24
2022-05-16,-7.3453647229951e-24
2022-05-17,-7.3453647229951e-24
2022-05-18,-7.3453647229951e-24
2022-05-19,-7.3453647229951e-24
2022-05-20,-7.3453647229951e-24
2022-05-21,-7.3453647229951e-24
2022-05-22,-7.3453647229951e-24
2022-05-23,-7.3453647229951e-24
2022-05-24,-7.3453647229951e-24
2022-05-25,-7.3453647229951e-24
2022-05-26,-7.3453647229951e-24
2022-05-27,-7.3453647229951e-24
2022-05-28,-7.3453647229951e-24
2022-05-29,-7.3453647229951e-24
2022-05-30,-7.3453647229951e-24
2022-05-31,-7.3453647229951e-24
2022-06-01,-7.3453647229951e-24
2022-06-02,-7.3453647229951e-24
2022-06-03,-7.3453647229951e-24
2022-06-04,-7.3453647229951e-24
2022-06-05,-7.3453647229951e-24
2022-06-06,-7.3453647229951e-24
2022-06-07,-7.3453647229951e-24
2022-06-08,-7.3453647229951e-24
2022-06-09,-7.3453647229951e-24
2022-06-10,-7.3453647229951e-24
2022-06-11,-7.3453647229951e-24
2022-06-12,-7.3453647229951e-24
2022-06-13,-7.3453647229951e-24
2022-06-14,-7.3453647229951e-24
2022-06-15,-7.3453647229951e-24
2022-06-16,-7.3453647229951e-24
2022-06-17,-7.3453647229951e-24
2022-06-18,-7.3453647229951e-24
2022-06-19,-7.3453647229951e-24
2022-06-20,-7.3453647229951e-24
2022-06-21,-7.3453647229951e-24
2022-06-22,-7.3453647229951e-24
2022-06-23,-7.3453647229951e-24
2022-06-24,-7.3453647229951e-24
2022-06-25,-7.3453647229951e-24
2022-06-26,-7.3453647229951e-24
2022-06-27,-7.3453647229951e-24
2022-06-28,-7.3453647229951e-24
2022-06-29,-7.3453647229951e-24
2022-06-30,-7.3453647229951e-24
2022-07-01,-7.3453647229951e-24
2022-07-02,-7.3453647229951e-24
2022-07-03,-7.3453647229951e-24
2022-07-04,-7.3453647229951e-24
2022-07-05,-7.3453647229951e-24
2022-07-06,-7.3453647229951e-24
2022-07-07,-7.3453647229951e-24
2022-07-08,-7.3453647229951e-24
2022-07-09,-7.3453647229951e-24
2022-07-10,-7.3453647229951e-24
2022-07-11,-7.3453647229951e-24
2022-07-12,-7.3453647229951e-24
2022-07-13,-7.3453647229951e-24
2022-07-14,-7.3453647229951e-24
2022-07-15,-7.3453647229951e-24
2022-07-16,-7.3453647229951e-24
2022-07-17,-7.3453647229951e-24
2022-07-18,-7.3453647229951e-24
2022-07-19,-7.3453647229951e-24
2022-07-20,-7.3453647229951e-24
2022-07-21,-7.3453647229951e-24
2022-07-22,-7.3453647229951e-24
2022-07-23,-7.3453647229951e-24
2022-07-24,-7.3453647229951e-24
2022-07-25,-7.3453647229951e-24
2022-07-26,-7.3453647229951e-24
2022-07-27,-7.3453647229951e-24
2022-07-28,-7.3453647229951e-24
2022-07-29,-7.3453647229951e-24
2022-07-30,-7.3453647229951e-24
2022-07-31,-7.3453647229951e-24
2022-08-01,-7.3453647229951e-24
2022-08-02,-7.3453647229951e-24
2022-08-03,-7.3453647229951e-24
2022-08-04,-7.3453647229951e-24
2022-08-05,-7.3453647229951e-24
2022-08-06,-7.3453647229951e-24
2022-08-07,-7.3453647229951e-24
2022-08-08,-7.3453647229951e-24
2022-08-09,-7.3453647229951e-24
2022-08-10,-7.3453647229951e-24
2022-08-11,-7.3453647229951e-24
2022-08-12,-7.3453647229951e-24
2022-08-13,-7.3453647229951e-24
2022-08-14,-7.3453647229951e-24
2022-08-15,-7.3453647229951e-24
2022-08-16,-7.3453647229951e-24
2022-08-17,-7.3453647229951e-24
2022-08-18,-7.3453647229951e-24
2022-08-19,-7.3453647229951e-24
2022-08-20,-7.3453647229951e-24
2022-08-21,-7.3453647229951e-24
2022-08-22,-7.3453647229951e-24
2022-08-23,-7.3453647229951e-24
2022-08-24,-7.3453647229951e-24
2022-08-25,-7.3453647229951e-24
2022-08-26,-7.3453647229951e-24
2022-08-27,-7.3453647229951e-24
2022-08-28,-7.3453647229951e-24
2022-08-29,-7.3453647229951e-24
2022-08-30,-7.3453647229951e-24
2022-08-31,-7.3453647229951e-24
2022-09-01,-7.3453647229951e-24
2022-09-02,-7.3453647229951e-24
2022-09-03,-7.3453647229951e-24
2022-09-04,-7.3453647229951e-24
2022-09-05,-7.3453647229951e-24
2022-09-06,-7.3453647229951e-24
2022-09-07,-7.3453647229951e-24
2022-09-08,-7.3453647229951e-24
2022-09-09,-7.3453647229951e-24
2022-09-10,-7.3453647229951e-24
2022-09-11,-7.3453647229951e-24
2022-09-12,-7.3453647229951e-24
2022-09-13,-7.3453647229951e-24
2022-09-14,-7.3453647229951e-24
2022-09-15,-7.3453647229951e-24
2022-09-16,-7.3453647229951e-24
2022-09-17,-7.3453647229951e-24
2022-09-18,-7.3453647229951e-24
2022-09-19,-7.3453647229951e-24
2022-09-20,-7.3453647229951e-24
2022-09-21,-7.3453647229951e-24
2022-09-22,-7.3453647229951e-24
2022-09-23,-7.3453647229951e-24
2022-09-24,-7.3453647229951e-24
2022-09-25,-7.3453647229951e-24
2022-09-26,-7.3453647229951e-24
2022-09-27,-7.3453647229951e-24
2022-09-28,-7.3453647229951e-24
2022-09-29,9.128311648964882e-05
2022-09-30,0.0006385808810591698
2022-10-01,0.000533930491656065
2022-10-02,0.00011395880574127659
2022-10-03,-7.3453647229951e-24
2022-10-04,-7.3453647229951e-24
2022-10-05,-7.3453647229951e-24
2022-10-06,-7.3453647229951e-24
2022-10-07,-7.3453647229951e-24
2022-10-08,-7.3453647229951e-24
2022-10-09,-7.3453647229951e-24
2022-10-10,-7.3453647229951e-24
2022-10-11,-7.3453647229951e-24
2022-10-12,-7.3453647229951e-24
2022-10-13,-7.3453647229951e-24
2022-10-14,-7.3453647229951e-24
2022-10-15,-7.3453647229951e-24
2022-10-16,-7.3453647229951e-24
2022-10-17,-7.3453647229951e-24
2022-10-18,-7.3453647229951e-24
2022-10-19,-7.3453647229951e-24
2022-10-20,-7.3453647229951e-24
2022-10-21,-7.3453647229951e-24
2022-10-22,0.027178307995200157
2022-10-23,0.04396447539329529
2022-10-24,0.04325786232948303
2022-10-25,0.04441476985812187
2022-10-26,0.13049770891666412
2022-10-27,0.14210958778858185
2022-10-28,0.13949309289455414
2022-10-29,0.13810531795024872
2022-10-30,0.136882945895195
2022-10-31,0.12033534049987793
2022-11-01,0.04507947340607643
2022-11-02,0.02164260298013687
2022-11-03,0.022886423394083977
2022-11-04,0.053090643137693405
2022-11-05,0.06906570494174957
2022-11-06,0.06861155480146408
2022-11-07,0.06840312480926514
2022-11-08,0.0691789984703064
2022-11-09,0.06934670358896255
2022-11-10,0.06782173365354538
2022-11-11,0.05892910435795784
2022-11-12,0.030872715637087822
2022-11-13,0.031802304089069366
2022-11-14,0.024416200816631317
2022-11-15,0.04220464453101158
2022-11-16,0.053980156779289246
2022-11-17,0.05382153391838074
2022-11-18,0.05398416891694069
2022-11-19,0.0709076002240181
2022-11-20,0.07680367678403854
2022-11-21,0.07687641680240631
2022-11-22,0.07705380767583847
2022-11-23,0.0800640806555748
2022-11-24,0.13083700835704803
2022-11-25,0.20716352760791779
2022-11-26,0.20625002682209015
2022-11-27,0.2046983242034912
2022-11-28,0.20241105556488037
2022-11-29,0.20114558935165405
2022-11-30,0.20059601962566376
2022-12-01,0.20021647214889526
2022-12-02,0.19919748604297638
2022-12-03,0.19845247268676758
2022-12-04,0.20078741014003754
2022-12-05,0.21677976846694946
2022-12-06,0.2175353318452835
2022-12-07,0.21791279315948486
2022-12-08,0.2173599749803543
2022-12-09,0.21664278209209442
2022-12-10,0.2158052772283554
2022-12-11,0.21429182589054108
2022-12-12,0.21168385446071625
2022-12-13,0.2093285769224167
2022-12-14,0.2086082100868225
2022-12-15,0.2082294374704361
2022-12-16,0.2075888067483902
2022-12-17,0.20671091973781586
2022-12-18,0.20509470999240875
2022-12-19,0.20041398704051971
2022-12-20,0.21477735042572021
2022-12-21,0.21531660854816437
2022-12-22,0.21478264033794403
2022-12-23,0.25244900584220886
2022-12-24,0.2633149325847626
2022-12-25,0.25966617465019226
2022-12-26,0.25761377811431885
2022-12-27,0.2552202641963959
2022-12-28,0.2543525993824005
2022-12-29,0.26142868399620056
2022-12-30,0.2725136876106262
2022-12-31,0.2821390926837921
2023-01-01,0.2829034924507141
2023-01-02,0.3019876182079315
2023-01-03,0.3520289957523346
2023-01-04,0.3596637547016144
2023-01-05,0.36809787154197693
2023-01-06,0.3780915439128876
2023-01-07,0.39735469222068787
2023-01-08,0.4658316373825073
2023-01-09,0.469123512506485
2023-01-10,0.4682317078113556
2023-01-11,0.4660206735134125
2023-01-12,0.4612637758255005
2023-01-13,0.4530501067638397
2023-01-14,0.44459858536720276
2023-01-15,0.43761613965034485
2023-01-16,0.4324131906032562
2023-01-17,0.42886507511138916
2023-01-18,0.42606493830680847
2023-01-19,0.42329755425453186
2023-01-20,0.42032089829444885
2023-01-21,0.41729792952537537
2023-01-22,0.4136047065258026
2023-01-23,0.40879175066947937
2023-01-24,0.40422749519348145
2023-01-25,0.39992833137512207
2023-01-26,0.3957787752151489
2023-01-27,0.3903990089893341
2023-01-28,0.38467490673065186
2023-01-29,0.38100799918174744
2023-01-30,0.37790319323539734
2023-01-31,0.3745748698711395
2023-02-01,0.3718462288379669
2023-02-02,0.36955323815345764
2023-02-03,0.3674141466617584
2023-02-04,0.3653171956539154
2023-02-05,0.36791515350341797
2023-02-06,0.37236306071281433
2023-02-07,0.37420567870140076
2023-02-08,0.3770162761211395
2023-02-09,0.3865734040737152
2023-02-10,0.3871552050113678
2023-02-11,0.3842545449733734
2023-02-12,0.3804241120815277
2023-02-13,0.3770405352115631
2023-02-14,0.37327465415000916
2023-02-15,0.3707408905029297
2023-02-16,0.37200987339019775
2023-02-17,0.38285091519355774
2023-02-18,0.3911365568637848
2023-02-19,0.39574190974235535
2023-02-20,0.41044315695762634
2023-02-21,0.4228355586528778
2023-02-22,0.4257281720638275
2023-02-23,0.42792531847953796
2023-02-24,0.42259296774864197
2023-02-25,0.4184972941875458
2023-02-26,0.4131584167480469
2023-02-27,0.40721794962882996
2023-02-28,0.4116242825984955
2023-03-01,0.398819237947464
2023-03-02,0.3902272880077362
2023-03-03,0.3866497278213501
2023-03-04,0.38672056794166565
2023-03-05,0.3913882076740265
2023-03-06,0.379831999540329
2023-03-07,0.4177274703979492
2023-03-08,0.43976160883903503
2023-03-09,0.4370117485523224
2023-03-10,0.43040549755096436
2023-03-11,0.41706231236457825
2023-03-12,0.4039357900619507
2023-03-13,0.3993412256240845
2023-03-14,0.4044820964336395
2023-03-15,0.4101846516132355
2023-03-16,0.40102264285087585
2023-03-17,0.38711801171302795
2023-03-18,0.36718425154685974
2023-03-19,0.3549867570400238
2023-03-20,0.3516271114349365
2023-03-21,0.3486148416996002
2023-03-22,0.3407255709171295
2023-03-23,0.3191576600074768
2023-03-24,0.29065537452697754
2023-03-25,0.24904020130634308
2023-03-26,0.201710045337677
2023-03-27,0.1494770646095276
2023-03-28,0.088218092918396
2023-03-29,0.05135214328765869
2023-03-30,0.040996696799993515
2023-03-31,0.03564038500189781
2023-04-01,0.027335936203598976
2023-04-02,0.0188702791929245
2023-04-03,0.012153382413089275
2023-04-04,0.007035919930785894
2023-04-05,0.0037373837549239397
2023-04-06,0.0018696580082178116
2023-04-07,0.0009857394034042954
2023-04-08,0.0009538903832435608
2023-04-09,0.0007519368082284927
2023-04-10,0.00048533640801906586
2023-04-11,0.0002963729202747345
2023-04-12,0.00013377191498875618
2023-04-13,3.563969585229643e-05
2023-04-14,0.0024320026859641075
2023-04-15,0.01223719958215952
2023-04-16,0.010435204021632671
2023-04-17,0.006979407276958227
2023-04-18,0.003116052830591798
2023-04-19,0.001040519098751247
2023-04-20,0.00019345134205650538
2023-04-21,-7.3453647229951e-24
2023-04-22,-7.3453647229951e-24
2023-04-23,-7.3453647229951e-24
2023-04-24,-7.3453647229951e-24
2023-04-25,-7.3453647229951e-24
2023-04-26,-7.3453647229951e-24
2023-04-27,-7.3453647229951e-24
2023-04-28,-7.3453647229951e-24
2023-04-29,-7.3453647229951e-24
2023-04-30,-7.3453647229951e-24
2023-05-01,-7.3453647229951e-24
2023-05-02,-7.3453647229951e-24
2023-05-03,-7.3453647229951e-24
2023-05-04,-7.3453647229951e-24
2023-05-05,-7.3453647229951e-24
2023-05-06,-7.3453647229951e-24
2023-05-07,-7.3453647229951e-24
2023-05-08,-7.3453647229951e-24
2023-05-09,-7.3453647229951e-24
2023-05-10,-7.3453647229951e-24
2023-05-11,-7.3453647229951e-24
2023-05-12,-7.3453647229951e-24
2023-05-13,-7.3453647229951e-24
2023-05-14,-7.3453647229951e-24
2023-05-15,-7.3453647229951e-24
2023-05-16,-7.3453647229951e-24
2023-05-17,-7.3453647229951e-24
2023-05-18,-7.3453647229951e-24
2023-05-19,-7.3453647229951e-24
2023-05-20,-7.3453647229951e-24
2023-05-21,-7.3453647229951e-24
2023-05-22,-7.3453647229951e-24
2023-05-23,-7.3453647229951e-24
2023-05-24,-7.3453647229951e-24
2023-05-25,-7.3453647229951e-24
2023-05-26,-7.3453647229951e-24
2023-05-27,-7.3453647229951e-24
2023-05-28,-7.3453647229951e-24
2023-05-29,-7.3453647229951e-24
2023-05-30,-7.3453647229951e-24
2023-05-31,-7.3453647229951e-24
2023-06-01,-7.3453647229951e-24
2023-06-02,-7.3453647229951e-24
2023-06-03,-7.3453647229951e-24
2023-06-04,-7.3453647229951e-24
2023-06-05,-7.3453647229951e-24
2023-06-06,-7.3453647229951e-24
2023-06-07,-7.3453647229951e-24
2023-06-08,-7.3453647229951e-24
2023-06-09,-7.3453647229951e-24
2023-06-10,-7.3453647229951e-24
2023-06-11,-7.3453647229951e-24
2023-06-12,-7.3453647229951e-24
2023-06-13,-7.3453647229951e-24
2023-06-14,-7.3453647229951e-24
2023-06-15,-7.3453647229951e-24
2023-06-16,-7.3453647229951e-24
2023-06-17,-7.3453647229951e-24
2023-06-18,-7.3453647229951e-24
2023-06-19,-7.3453647229951e-24
2023-06-20,-7.3453647229951e-24
2023-06-21,-7.3453647229951e-24
2023-06-22,-7.3453647229951e-24
2023-06-23,-7.3453647229951e-24
2023-06-24,-7.3453647229951e-24
2023-06-25,-7.3453647229951e-24
2023-06-26,-7.3453647229951e-24
2023-06-27,-7.3453647229951e-24
2023-06-28,-7.3453647229951e-24
2023-06-29,-7.3453647229951e-24
2023-06-30,-7.3453647229951e-24
2023-07-01,-7.3453647229951e-24
2023-07-02,-7.3453647229951e-24
2023-07-03,-7.3453647229951e-24
2023-07-04,-7.3453647229951e-24
2023-07-05,-7.3453647229951e-24
2023-07-06,-7.3453647229951e-24
2023-07-07,-7.3453647229951e-24
2023-07-08,-7.3453647229951e-24
2023-07-09,-7.3453647229951e-24
2023-07-10,-7.3453647229951e-24
2023-07-11,-7.3453647229951e-24
2023-07-12,-7.3453647229951e-24
2023-07-13,-7.3453647229951e-24
2023-07-14,-7.3453647229951e-24
2023-07-15,-7.3453647229951e-24
2023-07-16,-7.3453647229951e-24
2023-07-17,-7.3453647229951e-24
2023-07-18,-7.3453647229951e-24
2023-07-19,-7.3453647229951e-24
2023-07-20,-7.3453647229951e-24
2023-07-21,-7.3453647229951e-24
2023-07-22,-7.3453647229951e-24
2023-07-23,-7.3453647229951e-24
2023-07-24,-7.3453647229951e-24
2023-07-25,-7.3453647229951e-24
2023-07-26,-7.3453647229951e-24
2023-07-27,-7.3453647229951e-24
2023-07-28,-7.3453647229951e-24
2023-07-29,-7.3453647229951e-24
2023-07-30,-7.3453647229951e-24
2023-07-31,-7.3453647229951e-24
2023-08-01,-7.3453647229951e-24
2023-08-02,-7.3453647229951e-24
2023-08-03,-7.3453647229951e-24
2023-08-04,-7.3453647229951e-24
2023-08-05,-7.3453647229951e-24
2023-08-06,-7.3453647229951e-24
2023-08-07,-7.3453647229951e-24
2023-08-08,-7.3453647229951e-24
2023-08-09,-7.3453647229951e-24
2023-08-10,-7.3453647229951e-24
2023-08-11,-7.3453647229951e-24
2023-08-12,-7.3453647229951e-24
2023-08-13,-7.3453647229951e-24
2023-08-14,-7.3453647229951e-24
2023-08-15,-7.3453647229951e-24
2023-08-16,-7.3453647229951e-24
2023-08-17,-7.3453647229951e-24
2023-08-18,-7.3453647229951e-24
2023-08-19,-7.3453647229951e-24
2023-08-20,-7.3453647229951e-24
2023-08-21,-7.3453647229951e-24
2023-08-22,-7.3453647229951e-24
2023-08-23,-7.3453647229951e-24
2023-08-24,-7.3453647229951e-24
2023-08-25,-7.3453647229951e-24
2023-08-26,-7.3453647229951e-24
2023-08-27,-7.3453647229951e-24
2023-08-28,-7.3453647229951e-24
2023-08-29,-7.3453647229951e-24
2023-08-30,-7.3453647229951e-24
2023-08-31,-7.3453647229951e-24
2023-09-01,-7.3453647229951e-24
2023-09-02,-7.3453647229951e-24
2023-09-03,-7.3453647229951e-24
2023-09-04,-7.3453647229951e-24
2023-09-05,-7.3453647229951e-24
2023-09-06,-7.3453647229951e-24
2023-09-07,-7.3453647229951e-24
2023-09-08,-7.3453647229951e-24
2023-09-09,-7.3453647229951e-24
2023-09-10,-7.3453647229951e-24
2023-09-11,-7.3453647229951e-24
2023-09-12,-7.3453647229951e-24
2023-09-13,-7.3453647229951e-24
2023-09-14,-7.3453647229951e-24
2023-09-15,-7.3453647229951e-24
2023-09-16,-7.3453647229951e-24
2023-09-17,-7.3453647229951e-24
2023-09-18,-7.3453647229951e-24
2023-09-19,-7.3453647229951e-24
2023-09-20,-7.3453647229951e-24
2023-09-21,-7.3453647229951e-24
2023-09-22,-7.3453647229951e-24
2023-09-23,-7.3453647229951e-24
2023-09-24,-7.3453647229951e-24
2023-09-25,-7.3453647229951e-24
2023-09-26,-7.3453647229951e-24
2023-09-27,-7.3453647229951e-24
2023-09-28,-7.3453647229951e-24
2023-09-29,-7.3453647229951e-24
2023-09-30,-7.3453647229951e-24
2023-10-01,-7.3453647229951e-24
2023-10-02,-7.3453647229951e-24
2023-10-03,-7.3453647229951e-24
2023-10-04,-7.3453647229951e-24
2023-10-05,-7.3453647229951e-24
2023-10-06,-7.3453647229951e-24
2023-10-07,-7.3453647229951e-24
2023-10-08,-7.3453647229951e-24
2023-10-09,-7.3453647229951e-24
2023-10-10,-7.3453647229951e-24
2023-10-11,-7.3453647229951e-24
2023-10-12,-7.3453647229951e-24
2023-10-13,-7.3453647229951e-24
2023-10-14,-7.3453647229951e-24
2023-10-15,-7.3453647229951e-24
2023-10-16,-7.3453647229951e-24
2023-10-17,-7.3453647229951e-24
2023-10-18,-7.3453647229951e-24
2023-10-19,-7.3453647229951e-24
2023-10-20,0.0026263052131980658
2023-10-21,0.004241026472300291
2023-10-22,0.04778354987502098
2023-10-23,0.04567408561706543
2023-10-24,0.026761295273900032
2023-10-25,0.007845471613109112
2023-10-26,0.0116129070520401
2023-10-27,0.011759658344089985
2023-10-28,0.034651536494493484
2023-10-29,0.05257994309067726
2023-10-30,0.019486447796225548
2023-10-31,0.024013375863432884
2023-11-01,0.029862770810723305
2023-11-02,0.010314393788576126
2023-11-03,0.003910729195922613
2023-11-04,0.001217936514876783
2023-11-05,0.0008899809909053147
2023-11-06,0.0008022898691706359
2023-11-07,0.0008022898691706359
2023-11-08,0.0006952711846679449
2023-11-09,0.0004509246500674635
2023-11-10,0.00028092972934246063
2023-11-11,5.6005239457590505e-05
2023-11-12,-7.3453647229951e-24
2023-11-13,-7.3453647229951e-24
2023-11-14,-7.3453647229951e-24
2023-11-15,-7.3453647229951e-24
2023-11-16,-7.3453647229951e-24
2023-11-17,7.273474238900235e-06
2023-11-18,0.03135617449879646
2023-11-19,0.03945482149720192
2023-11-20,0.03931283950805664
2023-11-21,0.0384204164147377
2023-11-22,0.032016728073358536
2023-11-23,0.04230305552482605
2023-11-24,0.048927683383226395
2023-11-25,0.05143258348107338
2023-11-26,0.03659875690937042
2023-11-27,0.03495573624968529
2023-11-28,0.03312184289097786
2023-11-29,0.035967953503131866
2023-11-30,0.09850835055112839
2023-12-01,0.12824703752994537
2023-12-02,0.13185077905654907
2023-12-03,0.12689785659313202
2023-12-04,0.14007218182086945
2023-12-05,0.1175653263926506
2023-12-06,0.12958578765392303
2023-12-07,0.12913967669010162
2023-12-08,0.12851057946681976
2023-12-09,0.12823323905467987
2023-12-10,0.12838564813137054
2023-12-11,0.12838931381702423
2023-12-12,0.12830320000648499
2023-12-13,0.12803250551223755
2023-12-14,0.1276867836713791
2023-12-15,0.1272309273481369
2023-12-16,0.12650154531002045
2023-12-17,0.13217630982398987
2023-12-18,0.1546812802553177
2023-12-19,0.1553642302751541
2023-12-20,0.16098523139953613
2023-12-21,0.14031445980072021
2023-12-22,0.12235676497220993
2023-12-23,0.12234342843294144
2023-12-24,0.12116903811693192
2023-12-25,0.1205926239490509
2023-12-26,0.17733518779277802
2023-12-27,0.1940826028585434
2023-12-28,0.20363222062587738
2023-12-29,0.22409985959529877
2023-12-30,0.22355753183364868
2023-12-31,0.2236701101064682
2024-01-01,0.223128542304039
2024-01-02,0.2278115153312683
2024-01-03,0.3025972247123718
2024-01-04,0.33431050181388855
2024-01-05,0.3352676331996918
2024-01-06,0.3521069288253784
2024-01-07,0.38382062315940857
2024-01-08,0.4023183286190033
2024-01-09,0.40262410044670105
2024-01-10,0.44318410754203796
2024-01-11,0.44382038712501526
2024-01-12,0.4497750997543335
2024-01-13,0.47328898310661316
2024-01-14,0.4903887212276459
2024-01-15,0.4861181676387787
2024-01-16,0.4825574457645416
2024-01-17,0.4796355664730072
2024-01-18,0.4864673316478729
2024-01-19,0.4877428114414215
2024-01-20,0.483541876077652
2024-01-21,0.4768500030040741
2024-01-22,0.4776506721973419
2024-01-23,0.5156800746917725
2024-01-24,0.5125328898429871
2024-01-25,0.5383603572845459
2024-01-26,0.5333945751190186
2024-01-27,0.5267214179039001
2024-01-28,0.5201057195663452
2024-01-29,0.5160061120986938
2024-01-30,0.5113654136657715
2024-01-31,0.5090062022209167
2024-02-01,0.5139853358268738
2024-02-02,0.5136875510215759
2024-02-03,0.5203999876976013
2024-02-04,0.5072562098503113
2024-02-05,0.4946534335613251
2024-02-06,0.48277172446250916
2024-02-07,0.4900036156177521
2024-02-08,0.5016809105873108
2024-02-09,0.5044530034065247
2024-02-10,0.4972551763057709
2024-02-11,0.49341049790382385
2024-02-12,0.49036934971809387
2024-02-13,0.5062941908836365
2024-02-14,0.5208672881126404
2024-02-15,0.5168145895004272
2024-02-16,0.5146357417106628
2024-02-17,0.5122978091239929
2024-02-18,0.5098879933357239
2024-02-19,0.5073395371437073
2024-02-20,0.505095899105072
2024-02-21,0.5029882192611694
2024-02-22,0.5010792016983032
2024-02-23,0.49938562512397766
2024-02-24,0.49739310145378113
2024-02-25,0.49430811405181885
2024-02-26,0.4890008270740509
2024-02-27,0.48259398341178894
2024-02-28,0.47636091709136963
2024-02-29,0.4705843925476074
2024-03-01,0.46520698070526123
2024-03-02,0.4596318304538727
2024-03-03,0.4535219967365265
2024-03-04,0.4480912685394287
2024-03-05,0.44254839420318604
2024-03-06,0.4386659562587738
2024-03-07,0.43649807572364807
2024-03-08,0.433369904756546
2024-03-09,0.4318590462207794
2024-03-10,0.43105387687683105
2024-03-11,0.4323429763317108
2024-03-12,0.43115922808647156
2024-03-13,0.4313354194164276
2024-03-14,0.42699524760246277
2024-03-15,0.42159226536750793
2024-03-16,0.4142507016658783
2024-03-17,0.4068164527416229
2024-03-18,0.4012190103530884
2024-03-19,0.3958423137664795
2024-03-20,0.3864493668079376
2024-03-21,0.37337160110473633
2024-03-22,0.3600589334964752
2024-03-23,0.3431042730808258
2024-03-24,0.32256725430488586
2024-03-25,0.2916400730609894
2024-03-26,0.2488204389810562
2024-03-27,0.18131649494171143
2024-03-28,0.13484621047973633
2024-03-29,0.1368534117937088
2024-03-30,0.13021165132522583
2024-03-31,0.11041822284460068
2024-04-01,0.07648218423128128
2024-04-02,0.05012914538383484
2024-04-03,0.03084983490407467
2024-04-04,0.018046818673610687
2024-04-05,0.010674233548343182
2024-04-06,0.005654259119182825
2024-04-07,0.003047127975150943
2024-04-08,0.0018812237540259957
2024-04-09,0.001168420072644949
2024-04-10,0.0005095650558359921
2024-04-11,0.0004203754069749266
2024-04-12,0.0001114359256462194
2024-04-13,-7.3453647229951e-24
2024-04-14,-7.3453647229951e-24
2024-04-15,-7.3453647229951e-24
2024-04-16,-7.3453647229951e-24
2024-04-17,-7.3453647229951e-24
2024-04-18,-7.3453647229951e-24
2024-04-19,-7.3453647229951e-24
2024-04-20,-7.3453647229951e-24
2024-04-21,-7.3453647229951e-24
2024-04-22,-7.3453647229951e-24
2024-04-23,-7.3453647229951e-24
2024-04-24,-7.3453647229951e-24
2024-04-25,-7.3453647229951e-24
2024-04-26,-7.3453647229951e-24
2024-04-27,-7.3453647229951e-24
2024-04-28,-7.3453647229951e-24
2024-04-29,-7.3453647229951e-24
2024-04-30,-7.3453647229951e-24
2024-05-01,-7.3453647229951e-24
2024-05-02,-7.3453647229951e-24
2024-05-03,-7.3453647229951e-24
2024-05-04,-7.3453647229951e-24
2024-05-05,-7.3453647229951e-24
2024-05-06,-7.3453647229951e-24
2024-05-07,-7.3453647229951e-24
2024-05-08,-7.3453647229951e-24
2024-05-09,-7.3453647229951e-24
2024-05-10,-7.3453647229951e-24
2024-05-11,-7.3453647229951e-24
2024-05-12,-7.3453647229951e-24
2024-05-13,-7.3453647229951e-24
2024-05-14,-7.3453647229951e-24
2024-05-15,-7.3453647229951e-24
2024-05-16,-7.3453647229951e-24
2024-05-17,-7.3453647229951e-24
2024-05-18,-7.3453647229951e-24
2024-05-19,-7.3453647229951e-24
2024-05-20,-7.3453647229951e-24
2024-05-21,-7.3453647229951e-24
2024-05-22,-7.3453647229951e-24
2024-05-23,-7.3453647229951e-24
2024-05-24,-7.3453647229951e-24
2024-05-25,-7.3453647229951e-24
2024-05-26,-7.3453647229951e-24
2024-05-27,-7.3453647229951e-24
2024-05-28,-7.3453647229951e-24
2024-05-29,-7.3453647229951e-24
2024-05-30,-7.3453647229951e-24
2024-05-31,-7.3453647229951e-24
2024-06-01,-7.3453647229951e-24
2024-06-02,-7.3453647229951e-24
2024-06-03,-7.3453647229951e-24
2024-06-04,-7.3453647229951e-24
2024-06-05,-7.3453647229951e-24
2024-06-06,-7.3453647229951e-24
2024-06-07,-7.3453647229951e-24
2024-06-08,-7.3453647229951e-24
2024-06-09,-7.3453647229951e-24
2024-06-10,-7.3453647229951e-24
2024-06-11,-7.3453647229951e-24
2024-06-12,-7.3453647229951e-24
2024-06-13,-7.3453647229951e-24
2024-06-14,-7.3453647229951e-24
2024-06-15,-7.3453647229951e-24
2024-06-16,-7.3453647229951e-24
2024-06-17,-7.3453647229951e-24
2024-06-18,-7.3453647229951e-24
2024-06-19,-7.3453647229951e-24
2024-06-20,-7.3453647229951e-24
2024-06-21,-7.3453647229951e-24
2024-06-22,-7.3453647229951e-24
2024-06-23,-7.3453647229951e-24
2024-06-24,-7.3453647229951e-24
2024-06-25,-7.3453647229951e-24
2024-06-26,-7.3453647229951e-24
2024-06-27,-7.3453647229951e-24
2024-06-28,-7.3453647229951e-24
2024-06-29,-7.3453647229951e-24
2024-06-30,-7.3453647229951e-24
2024-07-01,-7.3453647229951e-24
2024-07-02,-7.3453647229951e-24
2024-07-03,-7.3453647229951e-24
2024-07-04,-7.3453647229951e-24
2024-07-05,-7.3453647229951e-24
2024-07-06,-7.3453647229951e-24
2024-07-07,-7.3453647229951e-24
2024-07-08,-7.3453647229951e-24
2024-07-09,-7.3453647229951e-24
2024-07-10,-7.3453647229951e-24
2024-07-11,-7.3453647229951e-24
2024-07-12,-7.3453647229951e-24
2024-07-13,-7.3453647229951e-24
2024-07-14,-7.3453647229951e-24
2024-07-15,-7.3453647229951e-24
2024-07-16,-7.3453647229951e-24
2024-07-17,-7.3453647229951e-24
2024-07-18,-7.3453647229951e-24
2024-07-19,-7.3453647229951e-24
2024-07-20,-7.3453647229951e-24
2024-07-21,-7.3453647229951e-24
2024-07-22,-7.3453647229951e-24
2024-07-23,-7.3453647229951e-24
2024-07-24,-7.3453647229951e-24
2024-07-25,-7.3453647229951e-24
2024-07-26,-7.3453647229951e-24
2024-07-27,-7.3453647229951e-24
2024-07-28,-7.3453647229951e-24
2024-07-29,-7.3453647229951e-24
2024-07-30,-7.3453647229951e-24
2024-07-31,-7.3453647229951e-24
2024-08-01,-7.3453647229951e-24
2024-08-02,-7.3453647229951e-24
2024-08-03,-7.3453647229951e-24
2024-08-04,-7.3453647229951e-24
2024-08-05,-7.3453647229951e-24
2024-08-06,-7.3453647229951e-24
2024-08-07,-7.3453647229951e-24
2024-08-08,-7.3453647229951e-24
2024-08-09,-7.3453647229951e-24
2024-08-10,-7.3453647229951e-24
2024-08-11,-7.3453647229951e-24
2024-08-12,-7.3453647229951e-24
2024-08-13,-7.3453647229951e-24
2024-08-14,-7.3453647229951e-24
2024-08-15,-7.3453647229951e-24
2024-08-16,-7.3453647229951e-24
2024-08-17,-7.3453647229951e-24
2024-08-18,-7.3453647229951e-24
2024-08-19,-7.3453647229951e-24
2024-08-20,-7.3453647229951e-24
2024-08-21,-7.3453647229951e-24
2024-08-22,-7.3453647229951e-24
2024-08-23,-7.3453647229951e-24
2024-08-24,-7.3453647229951e-24
2024-08-25,-7.3453647229951e-24
2024-08-26,-7.3453647229951e-24
2024-08-27,-7.3453647229951e-24
2024-08-28,-7.3453647229951e-24
2024-08-29,-7.3453647229951e-24
2024-08-30,-7.3453647229951e-24
2024-08-31,-7.3453647229951e-24
2024-09-01,-7.3453647229951e-24
2024-09-02,-7.3453647229951e-24
2024-09-03,-7.3453647229951e-24
2024-09-04,-7.3453647229951e-24
2024-09-05,-7.3453647229951e-24
2024-09-06,-7.3453647229951e-24
2024-09-07,-7.3453647229951e-24
2024-09-08,-7.3453647229951e-24
2024-09-09,-7.3453647229951e-24
2024-09-10,-7.3453647229951e-24
2024-09-11,-7.3453647229951e-24
2024-09-12,-7.3453647229951e-24
2024-09-13,-7.3453647229951e-24
2024-09-14,-7.3453647229951e-24
2024-09-15,-7.3453647229951e-24
2024-09-16,-7.3453647229951e-24
2024-09-17,-7.3453647229951e-24
2024-09-18,-7.3453647229951e-24
2024-09-19,-7.3453647229951e-24
2024-09-20,-7.3453647229951e-24
2024-09-21,-7.3453647229951e-24
2024-09-22,-7.3453647229951e-24
2024-09-23,-7.3453647229951e-24
2024-09-24,-7.3453647229951e-24
2024-09-25,-7.3453647229951e-24
2024-09-26,-7.3453647229951e-24
2024-09-27,-7.3453647229951e-24
2024-09-28,-7.3453647229951e-24
2024-09-29,-7.3453647229951e-24
2024-09-30,-7.3453647229951e-24
2024-10-01,-7.3453647229951e-24
2024-10-02,-7.3453647229951e-24
2024-10-03,-7.3453647229951e-24
2024-10-04,-7.3453647229951e-24
2024-10-05,-7.3453647229951e-24
2024-10-06,-7.3453647229951e-24
2024-10-07,-7.3453647229951e-24
2024-10-08,-7.3453647229951e-24
2024-10-09,-7.3453647229951e-24
2024-10-10,-7.3453647229951e-24
2024-10-11,0.005927647929638624
2024-10-12,0.025828031823039055
2024-10-13,0.027989795431494713
2024-10-14,0.027059689164161682
2024-10-15,0.026175253093242645
2024-10-16,0.024765096604824066
2024-10-17,0.022536737844347954
2024-10-18,0.019273681566119194
2024-10-19,0.015994535759091377
2024-10-20,0.013133425265550613
2024-10-21,0.009284727275371552
2024-10-22,0.006246240809559822
2024-10-23,0.004033473785966635
2024-10-24,0.0013563347747549415
2024-10-25,0.0002088396140607074
2024-10-26,5.091385173727758e-05
2024-10-27,-7.3453647229951e-24
2024-10-28,0.00012212785077281296
2024-10-29,0.0030646563973277807
2024-10-30,0.004034820944070816
2024-10-31,0.003841323545202613
2024-11-01,0.004603034351021051
2024-11-02,0.006233310326933861
2024-11-03,0.0023921974934637547
2024-11-04,0.002040356397628784
2024-11-05,0.0028893733397126198
2024-11-06,0.051900193095207214
2024-11-07,0.07574319839477539
2024-11-08,0.07530291378498077
2024-11-09,0.08981455117464066
2024-11-10,0.10154327750205994
2024-11-11,0.09880777448415756
2024-11-12,0.0984092429280281
2024-11-13,0.09905550628900528
2024-11-14,0.0990690365433693
2024-11-15,0.09708654880523682
2024-11-16,0.09503427892923355
2024-11-17,0.09319489449262619
2024-11-18,0.09072630852460861
2024-11-19,0.0888880267739296
2024-11-20,0.09263046830892563
2024-11-21,0.09784343838691711
2024-11-22,0.09680992364883423
2024-11-23,0.09631985425949097
2024-11-24,0.09549183398485184
2024-11-25,0.0940842553973198
2024-11-26,0.09321171790361404
2024-11-27,0.09255724400281906
2024-11-28,0.09212243556976318
2024-11-29,0.09168656915426254
2024-11-30,0.09143442660570145
2024-12-01,0.0916866734623909
2024-12-02,0.09034266322851181
2024-12-03,0.08892360329627991
2024-12-04,0.087155781686306
2024-12-05,0.08868580311536789
2024-12-06,0.09464604407548904
2024-12-07,0.09459814429283142
2024-12-08,0.09392035007476807
2024-12-09,0.0934482142329216
2024-12-10,0.0907539650797844
2024-12-11,0.0864887461066246
2024-12-12,0.08280839025974274
2024-12-13,0.08213147521018982
2024-12-14,0.08510961383581161
2024-12-15,0.08450260013341904
2024-12-16,0.08570545166730881
2024-12-17,0.08598210662603378
2024-12-18,0.09263823181390762
2024-12-19,0.10566803067922592
2024-12-20,0.11016853898763657
2024-12-21,0.11355054378509521
2024-12-22,0.11682930588722229
2024-12-23,0.11529276520013809
2024-12-24,0.1146625503897667
2024-12-25,0.11434203386306763
2024-12-26,0.11775130778551102
2024-12-27,0.1196819320321083
2024-12-28,0.12111422419548035
2024-12-29,0.12202227860689163
2024-12-30,0.12190289050340652
2024-12-31,0.12148251384496689
2025-01-01,0.14180858433246613
2025-01-02,0.1555747240781784
2025-01-03,0.1504683643579483
2025-01-04,0.1434878706932068
2025-01-05,0.14169670641422272
2025-01-06,0.13992778956890106
2025-01-07,0.13891276717185974
2025-01-08,0.14487381279468536
2025-01-09,0.14976470172405243
2025-01-10,0.14922656118869781
2025-01-11,0.1498394012451172
2025-01-12,0.149087592959404
2025-01-13,0.14849074184894562
2025-01-14,0.14790211617946625
2025-01-15,0.15325552225112915
2025-01-16,0.15600410103797913
2025-01-17,0.1631464809179306
2025-01-18,0.16508956253528595
2025-01-19,0.16517379879951477
2025-01-20,0.16494542360305786
2025-01-21,0.17810994386672974
2025-01-22,0.1836336851119995
2025-01-23,0.18369029462337494
2025-01-24,0.18269354104995728
2025-01-25,0.18088306486606598
2025-01-26,0.17927569150924683
2025-01-27,0.178336039185524
2025-01-28,0.185170516371727
2025-01-29,0.18651284277439117
2025-01-30,0.18376553058624268
2025-01-31,0.1862562745809555
2025-02-01,0.18990838527679443
2025-02-02,0.1858859807252884
2025-02-03,0.18283700942993164
2025-02-04,0.18081296980381012
2025-02-05,0.17944741249084473
2025-02-06,0.17891113460063934
2025-02-07,0.1777995079755783
2025-02-08,0.1765093356370926
2025-02-09,0.17521558701992035
2025-02-10,0.1741265058517456
2025-02-11,0.1724783331155777
2025-02-12,0.17092913389205933
2025-02-13,0.16891427338123322
2025-02-14,0.16726140677928925
2025-02-15,0.16568326950073242
2025-02-16,0.1641324907541275
2025-02-17,0.18022982776165009
2025-02-18,0.20597690343856812
2025-02-19,0.20546823740005493
2025-02-20,0.21447354555130005
2025-02-21,0.217267706990242
2025-02-22,0.2226901799440384
2025-02-23,0.2285020351409912
2025-02-24,0.2473520040512085
2025-02-25,0.2532362937927246
2025-02-26,0.26775285601615906
2025-02-27,0.2761884033679962
2025-02-28,0.27369827032089233
2025-03-01,0.271752268075943
2025-03-02,0.26978757977485657
2025-03-03,0.28150373697280884
2025-03-04,0.30036717653274536
2025-03-05,0.3027893304824829
2025-03-06,0.3197021484375
2025-03-07,0.3142283260822296
2025-03-08,0.31195947527885437
2025-03-09,0.3110544979572296
2025-03-10,0.3100084364414215
2025-03-11,0.30095621943473816
2025-03-12,0.2942134439945221
2025-03-13,0.2741502821445465
2025-03-14,0.21354633569717407
2025-03-15,0.1746780127286911
2025-03-16,0.1253560483455658
2025-03-17,0.05500641465187073
2025-03-18,0.01579039916396141
2025-03-19,0.006559412926435471
2025-03-20,0.0032986290752887726
2025-03-21,0.0026357320602983236
2025-03-22,0.0020920413080602884
2025-03-23,0.0015731024323031306
2025-03-24,0.0014358969638124108
2025-03-25,0.0011186847696080804
2025-03-26,0.0006643178057856858
2025-03-27,0.0004358254373073578
2025-03-28,0.0004203754069749266
2025-03-29,0.0002311146818101406
2025-03-30,4.5822467654943466e-05
2025-03-31,-7.3453647229951e-24
2025-04-01,-7.3453647229951e-24
2025-04-02,-7.3453647229951e-24
2025-04-03,-7.3453647229951e-24
2025-04-04,-7.3453647229951e-24
2025-04-05,-7.3453647229951e-24
2025-04-06,-7.3453647229951e-24
2025-04-07,-7.3453647229951e-24
2025-04-08,-7.3453647229951e-24
2025-04-09,-7.3453647229951e-24
2025-04-10,-7.3453647229951e-24
2025-04-11,-7.3453647229951e-24
2025-04-12,0.0005925135919824243
2025-04-13,0.0002655602584127337
2025-04-14,2.545692586863879e-05
2025-04-15,-7.3453647229951e-24
2025-04-16,-7.3453647229951e-24
2025-04-17,-7.3453647229951e-24
2025-04-18,-7.3453647229951e-24
2025-04-19,-7.3453647229951e-24
2025-04-20,-7.3453647229951e-24
2025-04-21,-7.3453647229951e-24
2025-04-22,-7.3453647229951e-24
2025-04-23,-7.3453647229951e-24
2025-04-24,-7.3453647229951e-24
2025-04-25,-7.3453647229951e-24
2025-04-26,-7.3453647229951e-24
2025-04-27,-7.3453647229951e-24
2025-04-28,-7.3453647229951e-24
2025-04-29,-7.3453647229951e-24
2025-04-30,-7.3453647229951e-24
2025-05-01,-7.3453647229951e-24
2025-05-02,-7.3453647229951e-24
2025-05-03,-7.3453647229951e-24
2025-05-04,-7.3453647229951e-24
2025-05-05,-7.3453647229951e-24
2025-05-06,-7.3453647229951e-24
2025-05-07,-7.3453647229951e-24
2025-05-08,-7.3453647229951e-24
2025-05-09,-7.3453647229951e-24
2025-05-10,-7.3453647229951e-24
2025-05-11,-7.3453647229951e-24
2025-05-12,-7.3453647229951e-24
2025-05-13,-7.3453647229951e-24
2025-05-14,-7.3453647229951e-24
2025-05-15,-7.3453647229951e-24
2025-05-16,-7.3453647229951e-24
2025-05-17,-7.3453647229951e-24
2025-05-18,-7.3453647229951e-24
2025-05-19,-7.3453647229951e-24
2025-05-20,-7.3453647229951e-24
2025-05-21,-7.3453647229951e-24
2025-05-22,-7.3453647229951e-24
2025-05-23,-7.3453647229951e-24
2025-05-24,-7.3453647229951e-24
2025-05-25,-7.3453647229951e-24
2025-05-26,-7.3453647229951e-24
2025-05-27,-7.3453647229951e-24
2025-05-28,-7.3453647229951e-24
2025-05-29,-7.3453647229951e-24
2025-05-30,-7.3453647229951e-24
2025-05-31,-7.3453647229951e-24
2025-06-01,-7.3453647229951e-24
2025-06-02,-7.3453647229951e-24
2025-06-03,-7.3453647229951e-24
2025-06-04,-7.3453647229951e-24
2025-06-05,-7.3453647229951e-24
2025-06-06,-7.3453647229951e-24
2025-06-07,-7.3453647229951e-24
2025-06-08,-7.3453647229951e-24
2025-06-09,-7.3453647229951e-24
2025-06-10,-7.3453647229951e-24
2025-06-11,-7.3453647229951e-24
2025-06-12,-7.3453647229951e-24
2025-06-13,-7.3453647229951e-24
2025-06-14,-7.3453647229951e-24
2025-06-15,-7.3453647229951e-24
2025-06-16,-7.3453647229951e-24
2025-06-17,-7.3453647229951e-24
2025-06-18,-7.3453647229951e-24
2025-06-19,-7.3453647229951e-24
2025-06-20,-7.3453647229951e-24
2025-06-21,-7.3453647229951e-24
2025-06-22,-7.3453647229951e-24
2025-06-23,-7.3453647229951e-24
2025-06-24,-7.3453647229951e-24
2025-06-25,-7.3453647229951e-24
2025-06-26,-7.3453647229951e-24
2025-06-27,-7.3453647229951e-24
2025-06-28,-7.3453647229951e-24
2025-06-29,-7.3453647229951e-24
2025-06-30,-7.3453647229951e-24
2025-07-01,-7.3453647229951e-24
2025-07-02,-7.3453647229951e-24
2025-07-03,-7.3453647229951e-24
2025-07-04,-7.3453647229951e-24
2025-07-05,-7.3453647229951e-24
2025-07-06,-7.3453647229951e-24
2025-07-07,-7.3453647229951e-24
2025-07-08,-7.3453647229951e-24
2025-07-09,-7.3453647229951e-24
2025-07-10,-7.3453647229951e-24
2025-07-11,-7.3453647229951e-24
2025-07-12,-7.3453647229951e-24
2025-07-13,-7.3453647229951e-24
2025-07-14,-7.3453647229951e-24
2025-07-15,-7.3453647229951e-24
2025-07-16,-7.3453647229951e-24
2025-07-17,-7.3453647229951e-24
2025-07-18,-7.3453647229951e-24
2025-07-19,-7.3453647229951e-24
2025-07-20,-7.3453647229951e-24
2025-07-21,-7.3453647229951e-24
2025-07-22,-7.3453647229951e-24
2025-07-23,-7.3453647229951e-24
2025-07-24,-7.3453647229951e-24
2025-07-25,-7.3453647229951e-24
2025-07-26,-7.3453647229951e-24
2025-07-27,-7.3453647229951e-24
2025-07-28,-7.3453647229951e-24
2025-07-29,-7.3453647229951e-24
2025-07-30,-7.3453647229951e-24
2025-07-31,-7.3453647229951e-24
2025-08-01,-7.3453647229951e-24
2025-08-02,-7.3453647229951e-24
2025-08-03,-7.3453647229951e-24
2025-08-04,-7.3453647229951e-24
2025-08-05,-7.3453647229951e-24
2025-08-06,-7.3453647229951e-24
2025-08-07,-7.3453647229951e-24
2025-08-08,-7.3453647229951e-24
2025-08-09,-7.3453647229951e-24
2025-08-10,-7.3453647229951e-24
2025-08-11,-7.3453647229951e-24
2025-08-12,-7.3453647229951e-24
2025-08-13,-7.3453647229951e-24
2025-08-14,-7.3453647229951e-24
2025-08-15,-7.3453647229951e-24
2025-08-16,-7.3453647229951e-24
2025-08-17,-7.3453647229951e-24
2025-08-18,-7.3453647229951e-24
2025-08-19,-7.3453647229951e-24
2025-08-20,-7.3453647229951e-24
2025-08-21,-7.3453647229951e-24
2025-08-22,-7.3453647229951e-24
2025-08-23,-7.3453647229951e-24
2025-08-24,-7.3453647229951e-24
2025-08-25,-7.3453647229951e-24
2025-08-26,-7.3453647229951e-24
2025-08-27,-7.3453647229951e-24
2025-08-28,-7.3453647229951e-24
2025-08-29,-7.3453647229951e-24
2025-08-30,-7.3453647229951e-24
2025-08-31,-7.3453647229951e-24
2025-09-01,-7.3453647229951e-24
2025-09-02,-7.3453647229951e-24
2025-09-03,-7.3453647229951e-24
2025-09-04,-7.3453647229951e-24
2025-09-05,-7.3453647229951e-24
2025-09-06,-7.3453647229951e-24
2025-09-07,-7.3453647229951e-24
2025-09-08,-7.3453647229951e-24
2025-09-09,-7.3453647229951e-24
2025-09-10,-7.3453647229951e-24
2025-09-11,-7.3453647229951e-24
2025-09-12,-7.3453647229951e-24
2025-09-13,-7.3453647229951e-24
2025-09-14,-7.3453647229951e-24
2025-09-15,-7.3453647229951e-24
2025-09-16,-7.3453647229951e-24
2025-09-17,-7.3453647229951e-24
2025-09-18,-7.3453647229951e-24
2025-09-19,-7.3453647229951e-24
2025-09-20,-7.3453647229951e-24
2025-09-21,-7.3453647229951e-24
2025-09-22,-7.3453647229951e-24
2025-09-23,-7.3453647229951e-24
2025-09-24,-7.3453647229951e-24
2025-09-25,-7.3453647229951e-24
2025-09-26,-7.3453647229951e-24
2025-09-27,-7.3453647229951e-24
2025-09-28,-7.3453647229951e-24
2025-09-29,0.03384700044989586
2025-09-30,0.06291975826025009
